SRR ID,Gene ID,Protein Sequence,Predicted_Label,Max_Probability,Predicted_PSS_ID,Predicted_Type,Sequence Length,Molecular Weight
SRR5821668,GL0563084,DEFEVINDAHPNEPIMVDLTTSLDATATSPLNNAGNLNAIPASLRRHYQVGADIELVITDGAGNVVNTQTEDVLIDFSGEKHVEFSYTPTKTGRYTATVTTYATDAKCKSTQPHVA,39,0.99635917,PS049,Neocarzinostatin-based binder,116,12.493583699999984
SRR8554736,GL0973745,ATAAQTSHELHQWELLGRQSQNAKNGERTQKGAEIRTKVGALAKEVDRLQRDLDGLSAQNQEHEVTRKSIAQWRDELDKFREEAQELQRRSK,11,0.59801847,PS008,Alphabody,92,10.634577999999994
SRR9039929,GL3155957,MLLAARYNTNSEVVQALLDAGADVEARNEDGWTPLLYAARYNEKPEMVQALLDAGADVEARAEYGWTPLLLAASFNENPEMVQVLLDAGADLEVRAEYGWTPLMLAALANE,22,0.9996531,PS027,DARPin,111,12.12747229999999
SRR9661224,GL0952654,AQDDAREGERKVMISHSLLVTGSSVADQAAYSGIAIPNVEARVLDDDLGSLLIVETGGATRVLEGGTLGAVSDTYQVRLATAPTQTVTVNLDFSQAGQVQIFEG,39,0.5968215,PS049,Neocarzinostatin-based binder,104,10.804857199999992
SRR5579818,GL2912514,REVAQESALLRMVRVFYDGSLANAVTGMVEHSGDNLSDDELQELESAIRNARERRQR,7,0.6220333,PS004,Affibody,57,6.490092099999998
SRR5720230,GL0900656,SDVLSYNPKEIIACLKTRLNLTKEEMETFDIDNWGNDMEPYYRGFTGTIGKVSASRYVVKGVYSRTKDKIRVR,19,0.89773506,PS022,CI2-based binder,73,8.468568399999999
SRR7615665,GL1071256,VDVSANEATLLEKLSMKALAAKGDKAKIMEIEKQINKIAYGLYNLTKDEIAIIEGN,6,0.3948635,PS003438,Miniprotein LCB3,56,6.122068199999999
SRR13208438,GL2783767,SLAKVLSTDDGVKWCTIEKAKKDLEEIKTKDKFPEEKGFIKEIEEFILKEEIRYKAYLT,7,0.30371433,PS004,Affibody,59,6.966996099999997
SRR12358723,GL2025504,MTEKFITVKGQRVRADTIKKYEVKTSNEGKAGVKVHLDDGGIIIDWDQTVEDIDKQMEAV,10,0.83881557,PS007,Affitin,60,6.778632500000003
SRR7618778,GL0104090,VKYLVEQGVDINAKTNNGWTALIRSSYEGHLDIVKYLLEQGVNIEARSKHGNTALIESSYEGNLDIVKYLIEQGANIEAKTNNGNTALIRSSYEGHLDIVKY,22,0.9982095,PS027,DARPin,102,11.354544499999989
SRR10109488,GL0052242,RKFLSTRKGSKIITNYDDNSCYISEKSNVFVNVIKNDDLKIEFYILCLFEYKH,10,0.86388993,PS007,Affitin,53,6.354225099999999
SRR5504447,GL0173348,LEEGGEGDDTLDGGEGDDVLFGNAGADILEGGEGDDYLVGGADADTFRYDWSGEDTITDFDPSEDTIDLGGSADFSSLSITESNVGGQSGTLIDDGGGNTLFLHGVTPDQVGASNVTIDGQALAVGPSGSDLGSVLSDMAAGNVLEEGGEGDDTLDG,15,0.9999999,PS015,Beta Roll domain,157,15.584956499999983
SRR3715733,GL2737495,FPETITVPGWVKEIVAIGVTIYPDAVTTATEHLTGYIEIGGTISGLYPMQIPFPAFHASTGVVVGQADVCYEFIAPMFINHTGGADSVLNFTTVVQQVTSGAYACTVTLYGRAATKGW,39,0.775141,PS049,Neocarzinostatin-based binder,118,12.489117399999989
SRR5720291,GL0557836,SGGLQIISNHLIDGKEFEKISKKFFNLKTNKDKSAFLYTKVDIKDGNSNKIEYFSNFQDLNFLIKKILKISNEESLEIISQSIPEENPIIYRETI,9,0.5456017,PS006,Affimer,95,11.015444399999993
ERR598944,GL2108935,MEAIRSLIGQNIDVNIPQVDGTTAMHWAAYHDELWTVKLLLRGRANSKVENRYGVTPLSLALTNGNVAMVELFLNAGEDPNATLSGGETALMTAARTGQVGAVKALISRGAELESKVRGQTALMWAAAEGNVEVV,22,0.7679375,PS027,DARPin,135,14.346193099999985
SRR10072860,GL12593357,LITLFKITIDYVYYLSQKKNIVIVEGEYPTDSNFFAGGGFDVVGYTSENWKFLNGRSLNISTPTEEKDGYY,10,0.57551146,PS007,Affitin,71,8.1309815
SRR2657582,GL2733850,TVNFSYYIGTPAFMILDLQLSSSSIINVPGDSPTGEGEISVSIKLTNPGNLADDLGGSVIDLVIRDPNGQVVPLNSGDPGSVVLTPDDSEGRLTLQNLG,39,0.5044381,PS049,Neocarzinostatin-based binder,99,10.227258399999991
SRR5468363,GL0428248,KTVFDNVAFGMEVIGKSKKEIQQRIPALLELVGLEEKAHRYLLSYLVVNNSELRLPEHL,7,0.4948188,PS004,Affibody,59,6.777842699999997
SRR9663010,GL0293908,LNPRDKKSFHHLAILFTEQKRTKDAKKMFEVSLTLDPNYKNAHLNFAIFFSLLEQKHKAILHLKEAARLGVKEDRIKKLARQFQLPFNKYNKSLLSGKS,24,0.654619,PS030,Designed TPR protein,99,11.621485199999984
SRR8554434,GL2322950,PWQAVQVARHKDRPHTSDYLALVFDEFIELHGDRIYGDDRAVITGFAKLDQHKVMVIGHEKGRTYKERTAC,10,0.8914955,PS007,Affitin,71,8.237226699999997
SRR10072862,GL6193950,SQLTWGAFFTLMMGMSLTAMTVFLYPIFRKDSKELAVGMLLFRGALEGSYYLVSTLGLLTLVALSNEYVATGATSAALQSMGNVLYQFQDFGSPVDTIVFLIGATCL,4,0.77272314,PS003431,Interleukin mimic,107,11.569457399999989
SRR8554752,GL1986667,AFVSEDSWLDDARPLVYDRGFQANWVYAVKECPYGFAMVTLWKFVVCAETQAECVDQYSTFFNDLLHEKDWREMAGTSWPMFSLLARVQPKVMRHR,9,0.41699448,PS006,Affimer,96,11.333817799999995
SRR5788122,GL0079604,SYEDILKSVLKGSGHKAHMDVVALNAALVFWVAGIEDDIEKGFKKALYAMNQATPWDKFLLLKNYLES,7,0.65564275,PS004,Affibody,68,7.642757999999999
SRR10072862,GL2479889,RVKLFHQLYRIRPETIYIIRGHQVNGANLEHPFSVSNDFQSAVVGGSACFEIQKYLYKFTGQFVNSNALP,10,0.5935688,PS007,Affitin,70,8.016029799999998
SRR8393555,GL0451953,YKGQQAGSGGIMGMLEVILSDFARLETETTEAENSAANTYEKFMNESNEDVAVKDTEIEHKSNKKDTCSETMAELNKNLKLTQTELDKALDYYD,11,0.6193031,PS008,Alphabody,94,10.53546309999999
SRR8436650,GL1079615,EQNFHRLEPANKQLVGKIENEHSLFYSGKDQSKMKNHNLLPINVTDYFMQIFNHYLAFNKIRDYDTHLNSIWVNEMKEHEYNPAHIHRGMLFTGLSSV,9,0.3907478,PS006,Affimer,98,11.675036599999993
SRR5788237,GL0169787,QMTWADDMQQVKSVIDVLKEKQVLSKPLTLKGQTKSYDTWKIVASTDGTLELVSGTFMDYGNWWMKGYQWCRKFDVARVGSTSCFTINHLEGNKYLLEEFNGNQSSKVTITFAGE,13,0.47072813,PS011,Anticalin,115,13.129770499999992
SRR5720235,GL0199681,DLFKLSIEKLSKKYPDLKLIIISERSAIKEFKKFYIKNSNLFFADSFSKNILGDAAIVLNSKLYFQVKGGGIYT,10,0.59992653,PS007,Affitin,74,8.469862299999997
SRR5788252,GL0330824,NKNVPINYQNLDRFEARENLIKELNELEQIEKIDYKKHTVNNSDRSGVVVEPLLTKQWFVDAKKIAKNAIVKVKNKETVFYRENCSKPYFQWIENIEP,9,0.4095264,PS006,Affimer,98,11.69619229999999
SRR2135768,GL0071353,SGQETTIQASDVSAQDTDGTDLTSTITGLTVTETSAGNSFTTATLDLSSGPALDPSKYPLTVTVTHEGKTSSKKIAAATGGENGADGANGADGQGYSVILSNPAHTLFDRDWETVTDSGYL,39,0.71482474,PS049,Neocarzinostatin-based binder,121,12.259917199999988
SRR11803495,GL1210926,MDIVIALYDGLLRHLHAAQHAFEQSNRAEAGERIGKALAIVNELDASLDTKTGGEFSQSLSSLYSWFEQELLSASIRSDSNKLAPVVHMVAEL,4,0.8135783,PS003431,Interleukin mimic,93,10.183331899999994
SRR5788147,GL0577809,YIVSLEHQKIRVFQIDTNNAVSLAATLTADSSGANIPITNLNMHEVTYAQSGDVMFIAHQTFMVRKLVRTGLLSLIHI,10,0.69585717,PS007,Affitin,78,8.639894099999994
SRR5579861,GL1387305,KGVIYRLDLAALQVKEAQVIFHKADQPYLLADLFHTDILTREYGAEVDLLLIEADSSTLGDRNGSVVERVNQFL,10,0.71557516,PS007,Affitin,74,8.316346299999998
SRR13165000,GL3310913,GFEFMEAMPQLQKTAGMVTRLTTGKPQIGRTLIRQTYGRFEASFGSFGDVARNEMWKAFKQSARSPDELAEIARHLDRMTGVMSSKGLGIGKTQR,4,0.8227172,PS003431,Interleukin mimic,95,10.60008269999999
SRR12686322,GL1632017,KIDAIQKIVGDKTGKERKDAAQKFVEDMFSRTIFTDFDKAMELFDKSEVEIKKLNDPMIQFAAELQ,7,0.60920113,PS004,Affibody,66,7.6417059999999974
SRR5720233,GL0398721,LIGAKLWLAPLPPPLAQVADTTRALVAGPDPSFTPDETSVLRTIAEETGSSGHRLKSVGAYLAREMEESGERMIALSTKLKELAVVQE,4,0.5017209,PS003431,Interleukin mimic,88,9.384657299999997
SRR9108852,GL6128763,PCLDFRSLRGDVVEHGAEHAEPEALPSIVRFAELLGVAQDRIETQREEATLAYVRAEPLGRLLATFESQLGQRCEDARAVSSANFGSPLCSDVRNEIGLIEELQNLRT,4,0.9621143,PS003431,Interleukin mimic,108,11.920200899999987
SRR9108842,GL1641499,FLATQYGYFTENQLKTMEIDQFFDCGGKMKSIENLEDEEEVAFCKVKSDMFYQAGKEGKPYIFLSLNRVIN,10,0.50372475,PS007,Affitin,71,8.292339499999997
SRR9649872,GL1624745,MGNKTFLSLIDPASLSLLMPVLVRGLKERDSMSKKWSAQIFGSTSMLVQDVDDVRPYLKSVVPLLQACLTDPVQEVVREGAKAFGILEQVMPEYSRQYGQPWLFGRLRSAEVSEQLGASLALAEVMLKMDKARAAEFMPEIELGGRDERPAIRRGYLELMDAMPNAMKMDFVPFITRLFPVMLMGITG,12,0.9992943,PS009,Alpha-Rep protein,188,21.032557599999993
SRR5788313,GL0571510,MSLAGRVMTRRVLGKLASFTLADETGTIQLFLEKAGLEAQQEGWFKQITGLVDGGDWLGVSGTLRRTNRGELSVKVSDWRMLTKALQPLPDKWHGLAAVETVSYTH,40,0.9052535,PS050,OBody,106,11.700318599999992
SRR12059194,GL0080532,VSVATTVTDENEIHAYYVGKSGADAWEIRPIDVSISVGVATITFKSWQIVEGSDFDTFNAIAKDGDAAGSYETTIDVYRVYNDPATQVQFMWEN,39,0.3335474,PS049,Neocarzinostatin-based binder,94,10.360193599999997
SRR3952300,GL3258932,DDLSEKSSKEIKTLKTNTTSREKVLERVKSEKSAALLTAKQAVTKAQADILASNKRFDDLSTKSSKEIKTLKTNTT,7,0.95481396,PS004,Affibody,76,8.399433399999998
SRR3089646,GL3108168,CQTRWGKELFNKIYQYNRDRGLDYIQVDERIQQFINRLIFIRSTEDRGIEENRLRAALHQWRDSERKGELVESMRAIFHEFATLYD,4,0.5605662,PS003431,Interleukin mimic,86,10.596782099999993
DRR092721,GL0763841,HTRYISVTGVQTCALPIYQDKNLDIFAIAIGNQNGKRKFCKFTGFKEENLIVVYDNQIHNSLKVDRKSVV,10,0.39795893,PS007,Affitin,70,8.001119899999999
SRR6831068,GL0195039,FDPAKEFIPQKLDKINLIKTRKRPPVYWIYENNKIKRVRFNPLERKVKTLV,10,0.5177723,PS007,Affitin,51,6.282432700000001
SRR11687776,GL17453247,MLHIAVARGEINEIEKQTQNGANLNSLAGDGLAPLHWSIASVTIESMEKLLQLGADPNVTTIEGATPIMNAVQSNKIDKLNLLIKSGAIINFQDNRGFTALHRASEMGHIEIVEILLKNGADKSIIAENQTALSLA,22,0.99837273,PS027,DARPin,136,14.54948679999998
SRR9108875,GL1345466,VAEAQRAVSALKEVAEHSTSKEAGVAVTVAANALGDVADVIGALNRTTHTALSSRDRRSVLLGLSAGIV,6,0.33152774,PS003438,Miniprotein LCB3,69,6.952755700000001
SRR11343834,GL2507581,EQQHLVRWAMMETFKVHREMLVAKLTPKQRAKLQKLDHRERHRKQWEMVREWLSSQLPKKKRDEIAALPEKERRRAYHKALK,7,0.8462907,PS004,Affibody,82,10.207912099999989
SRR8862140,GL1507089,IETLSDATDYIDNNFDRDGMLKIMLSLIGRAGDTASGKQRLNRETIIEKITSYSNKLQANQG,7,0.6499079,PS004,Affibody,62,6.9056494000000015
